"Precision","Recall","Threshold","Model"
0.169848111658456,0.993397358943577,0.05,"Random Forest"
0.174230232807639,0.974789915966387,0.06,"Random Forest"
0.174230232807639,0.974789915966387,0.07,"Random Forest"
0.177627942964519,0.964585834333733,0.08,"Random Forest"
0.180742272779501,0.944177671068427,0.09,"Random Forest"
0.183995186522262,0.917767106842737,0.1,"Random Forest"
0.188722089062697,0.897959183673469,0.11,"Random Forest"
0.19762109486959,0.827731092436975,0.12,"Random Forest"
0.19762109486959,0.827731092436975,0.13,"Random Forest"
0.202437895386514,0.787515006002401,0.14,"Random Forest"
0.214466546112116,0.711884753901561,0.15,"Random Forest"
0.214466546112116,0.711884753901561,0.16,"Random Forest"
0.221456692913386,0.675270108043217,0.17,"Random Forest"
0.224807856532878,0.632052821128451,0.18,"Random Forest"
0.231564114607797,0.591836734693878,0.19,"Random Forest"
0.237935483870968,0.553421368547419,0.2,"Random Forest"
0.253868013893274,0.482593037214886,0.21,"Random Forest"
0.260427620049071,0.445978391356543,0.22,"Random Forest"
0.260427620049071,0.445978391356543,0.23,"Random Forest"
0.262665627435698,0.404561824729892,0.24,"Random Forest"
0.270199826238054,0.373349339735894,0.25,"Random Forest"
0.279823269513991,0.342136854741897,0.26,"Random Forest"
0.287317620650954,0.307322929171669,0.27,"Random Forest"
0.28997461928934,0.274309723889556,0.28,"Random Forest"
0.301529497450838,0.248499399759904,0.29,"Random Forest"
0.305988515176374,0.223889555822329,0.3,"Random Forest"
0.315157116451017,0.2046818727491,0.31,"Random Forest"
0.324973876698015,0.186674669867947,0.32,"Random Forest"
0.330143540669856,0.165666266506603,0.33,"Random Forest"
0.340689655172414,0.148259303721489,0.34,"Random Forest"
0.345104333868379,0.129051620648259,0.35,"Random Forest"
0.342056074766355,0.10984393757503,0.36,"Random Forest"
0.362186788154898,0.095438175270108,0.37,"Random Forest"
0.364383561643836,0.0798319327731092,0.38,"Random Forest"
0.351097178683386,0.0672268907563025,0.39,"Random Forest"
0.356589147286822,0.0552220888355342,0.4,"Random Forest"
0.36150234741784,0.046218487394958,0.41,"Random Forest"
0.357142857142857,0.0360144057623049,0.42,"Random Forest"
0.401515151515151,0.031812725090036,0.43,"Random Forest"
0.394230769230769,0.024609843937575,0.44,"Random Forest"
0.397435897435897,0.0186074429771909,0.45,"Random Forest"
0.426229508196721,0.0156062424969988,0.46,"Random Forest"
0.395833333333333,0.0114045618247299,0.47,"Random Forest"
0.414634146341463,0.0102040816326531,0.48,"Random Forest"
0.387096774193548,0.00720288115246098,0.49,"Random Forest"
0.45,0.00540216086434574,0.5,"Random Forest"
0.470588235294118,0.00480192076830732,0.51,"Random Forest"
0.545454545454545,0.00360144057623049,0.52,"Random Forest"
0.666666666666667,0.00360144057623049,0.53,"Random Forest"
0.571428571428571,0.00240096038415366,0.54,"Random Forest"
0.5,0.00120048019207683,0.55,"Random Forest"
0.333333333333333,0.000600240096038415,0.56,"Random Forest"
0,0,0.57,"Random Forest"
0,0,0.58,"Random Forest"
0,0,0.59,"Random Forest"
0,0,0.6,"Random Forest"
0,0,0.61,"Random Forest"
0,0,0.62,"Random Forest"
0,0,0.63,"Random Forest"
0,0,0.64,"Random Forest"
0,0,0.65,"Random Forest"
0,0,0.66,"Random Forest"
0,0,0.67,"Random Forest"
0,0,0.68,"Random Forest"
0,0,0.69,"Random Forest"
0,0,0.7,"Random Forest"
0,0,0.71,"Random Forest"
0,0,0.72,"Random Forest"
0,0,0.73,"Random Forest"
0,0,0.74,"Random Forest"
0,0,0.75,"Random Forest"
0,0,0.76,"Random Forest"
0,0,0.77,"Random Forest"
0,0,0.78,"Random Forest"
0,0,0.79,"Random Forest"
0,0,0.8,"Random Forest"
0,0,0.81,"Random Forest"
0,0,0.82,"Random Forest"
0,0,0.83,"Random Forest"
0,0,0.84,"Random Forest"
0,0,0.85,"Random Forest"
0,0,0.86,"Random Forest"
0,0,0.87,"Random Forest"
0,0,0.88,"Random Forest"
0,0,0.89,"Random Forest"
0,0,0.9,"Random Forest"
0,0,0.91,"Random Forest"
0,0,0.92,"Random Forest"
0,0,0.93,"Random Forest"
0,0,0.94,"Random Forest"
0,0,0.95,"Random Forest"
0.167521883489285,0.999399759903962,0.05,"Gradient Boosting"
0.169983586376693,0.994597839135654,0.06,"Gradient Boosting"
0.175309432351686,0.986194477791116,0.07,"Gradient Boosting"
0.182286995515695,0.975990396158463,0.08,"Gradient Boosting"
0.189477426235336,0.959783913565426,0.09,"Gradient Boosting"
0.196950444726811,0.930372148859544,0.1,"Gradient Boosting"
0.203431708991078,0.889555822328932,0.11,"Gradient Boosting"
0.208420113061589,0.84093637454982,0.12,"Gradient Boosting"
0.215916503587736,0.794717887154862,0.13,"Gradient Boosting"
0.225500715307582,0.756902761104442,0.14,"Gradient Boosting"
0.233051680094321,0.711884753901561,0.15,"Gradient Boosting"
0.243295847750865,0.675270108043217,0.16,"Gradient Boosting"
0.249639942390783,0.624249699879952,0.17,"Gradient Boosting"
0.260636874498261,0.584633853541417,0.18,"Gradient Boosting"
0.268372508182089,0.541416566626651,0.19,"Gradient Boosting"
0.277777777777778,0.498199279711885,0.2,"Gradient Boosting"
0.289047798268724,0.460984393757503,0.21,"Gradient Boosting"
0.297319932998325,0.426170468187275,0.22,"Gradient Boosting"
0.309332070108953,0.391956782713085,0.23,"Gradient Boosting"
0.312169312169312,0.354141656662665,0.24,"Gradient Boosting"
0.31452581032413,0.31452581032413,0.25,"Gradient Boosting"
0.324693042291951,0.285714285714286,0.26,"Gradient Boosting"
0.335907335907336,0.261104441776711,0.27,"Gradient Boosting"
0.34330985915493,0.234093637454982,0.28,"Gradient Boosting"
0.351239669421488,0.204081632653061,0.29,"Gradient Boosting"
0.357981220657277,0.183073229291717,0.3,"Gradient Boosting"
0.374496644295302,0.167466986794718,0.31,"Gradient Boosting"
0.391442155309033,0.148259303721489,0.32,"Gradient Boosting"
0.418560606060606,0.13265306122449,0.33,"Gradient Boosting"
0.429487179487179,0.120648259303721,0.34,"Gradient Boosting"
0.435,0.104441776710684,0.35,"Gradient Boosting"
0.436746987951807,0.0870348139255702,0.36,"Gradient Boosting"
0.434163701067616,0.0732292917166867,0.37,"Gradient Boosting"
0.433476394849785,0.06062424969988,0.38,"Gradient Boosting"
0.46875,0.0540216086434574,0.39,"Gradient Boosting"
0.496644295302013,0.0444177671068427,0.4,"Gradient Boosting"
0.516129032258065,0.0384153661464586,0.41,"Gradient Boosting"
0.534653465346535,0.0324129651860744,0.42,"Gradient Boosting"
0.602564102564103,0.0282112845138055,0.43,"Gradient Boosting"
0.603174603174603,0.0228091236494598,0.44,"Gradient Boosting"
0.604166666666667,0.017406962785114,0.45,"Gradient Boosting"
0.583333333333333,0.0126050420168067,0.46,"Gradient Boosting"
0.592592592592593,0.00960384153661465,0.47,"Gradient Boosting"
0.6,0.00900360144057623,0.48,"Gradient Boosting"
0.722222222222222,0.0078031212484994,0.49,"Gradient Boosting"
0.733333333333333,0.00660264105642257,0.5,"Gradient Boosting"
0.818181818181818,0.00540216086434574,0.51,"Gradient Boosting"
0.875,0.00420168067226891,0.52,"Gradient Boosting"
0.857142857142857,0.00360144057623049,0.53,"Gradient Boosting"
0.75,0.00180072028811525,0.54,"Gradient Boosting"
0.75,0.00180072028811525,0.55,"Gradient Boosting"
0.666666666666667,0.00120048019207683,0.56,"Gradient Boosting"
0.666666666666667,0.00120048019207683,0.57,"Gradient Boosting"
0,0,0.58,"Gradient Boosting"
0,0,0.59,"Gradient Boosting"
0,0,0.6,"Gradient Boosting"
0,0,0.61,"Gradient Boosting"
0,0,0.62,"Gradient Boosting"
0,0,0.63,"Gradient Boosting"
0,0,0.64,"Gradient Boosting"
0,0,0.65,"Gradient Boosting"
0,0,0.66,"Gradient Boosting"
0,0,0.67,"Gradient Boosting"
0,0,0.68,"Gradient Boosting"
0,0,0.69,"Gradient Boosting"
0,0,0.7,"Gradient Boosting"
0,0,0.71,"Gradient Boosting"
0,0,0.72,"Gradient Boosting"
0,0,0.73,"Gradient Boosting"
0,0,0.74,"Gradient Boosting"
0,0,0.75,"Gradient Boosting"
0,0,0.76,"Gradient Boosting"
0,0,0.77,"Gradient Boosting"
0,0,0.78,"Gradient Boosting"
0,0,0.79,"Gradient Boosting"
0,0,0.8,"Gradient Boosting"
0,0,0.81,"Gradient Boosting"
0,0,0.82,"Gradient Boosting"
0,0,0.83,"Gradient Boosting"
0,0,0.84,"Gradient Boosting"
0,0,0.85,"Gradient Boosting"
0,0,0.86,"Gradient Boosting"
0,0,0.87,"Gradient Boosting"
0,0,0.88,"Gradient Boosting"
0,0,0.89,"Gradient Boosting"
0,0,0.9,"Gradient Boosting"
0,0,0.91,"Gradient Boosting"
0,0,0.92,"Gradient Boosting"
0,0,0.93,"Gradient Boosting"
0,0,0.94,"Gradient Boosting"
0,0,0.95,"Gradient Boosting"
0.177640826035247,0.986194477791116,0.05,"XGBoost"
0.181695525073083,0.969987995198079,0.06,"XGBoost"
0.187751241428234,0.953181272509004,0.07,"XGBoost"
0.192706381915824,0.926170468187275,0.08,"XGBoost"
0.198905353090375,0.894357743097239,0.09,"XGBoost"
0.205979116006294,0.864345738295318,0.1,"XGBoost"
0.212442396313364,0.830132052821128,0.11,"XGBoost"
0.216099585062241,0.781512605042017,0.12,"XGBoost"
0.22208325888869,0.74609843937575,0.13,"XGBoost"
0.229606665374927,0.711284513805522,0.14,"XGBoost"
0.235454736399916,0.672869147659064,0.15,"XGBoost"
0.244125028519279,0.642256902761104,0.16,"XGBoost"
0.250185965782296,0.605642256902761,0.17,"XGBoost"
0.255507791509941,0.570828331332533,0.18,"XGBoost"
0.264792032806093,0.542617046818727,0.19,"XGBoost"
0.274322169059011,0.516206482593037,0.2,"XGBoost"
0.280056081317911,0.479591836734694,0.21,"XGBoost"
0.284671532846715,0.444777911164466,0.22,"XGBoost"
0.292785234899329,0.418967587034814,0.23,"XGBoost"
0.299074074074074,0.387755102040816,0.24,"XGBoost"
0.305996924654024,0.358343337334934,0.25,"XGBoost"
0.309121621621622,0.32953181272509,0.26,"XGBoost"
0.314178638351031,0.301920768307323,0.27,"XGBoost"
0.315277777777778,0.272509003601441,0.28,"XGBoost"
0.327626459143969,0.252701080432173,0.29,"XGBoost"
0.328178694158076,0.229291716686675,0.3,"XGBoost"
0.330125120307988,0.205882352941176,0.31,"XGBoost"
0.33477789815818,0.18547418967587,0.32,"XGBoost"
0.347613219094247,0.17046818727491,0.33,"XGBoost"
0.352054794520548,0.154261704681873,0.34,"XGBoost"
0.357698289269051,0.138055222088836,0.35,"XGBoost"
0.370242214532872,0.128451380552221,0.36,"XGBoost"
0.371769383697813,0.112244897959184,0.37,"XGBoost"
0.388127853881279,0.102040816326531,0.38,"XGBoost"
0.400523560209424,0.0918367346938776,0.39,"XGBoost"
0.420245398773006,0.0822328931572629,0.4,"XGBoost"
0.441379310344828,0.0768307322929172,0.41,"XGBoost"
0.446153846153846,0.0696278511404562,0.42,"XGBoost"
0.457399103139013,0.0612244897959184,0.43,"XGBoost"
0.459893048128342,0.0516206482593037,0.44,"XGBoost"
0.448484848484848,0.0444177671068427,0.45,"XGBoost"
0.441860465116279,0.0342136854741897,0.46,"XGBoost"
0.452830188679245,0.0288115246098439,0.47,"XGBoost"
0.44578313253012,0.0222088835534214,0.48,"XGBoost"
0.410958904109589,0.0180072028811525,0.49,"XGBoost"
0.410714285714286,0.0138055222088836,0.5,"XGBoost"
0.488372093023256,0.0126050420168067,0.51,"XGBoost"
0.472222222222222,0.0102040816326531,0.52,"XGBoost"
0.52,0.0078031212484994,0.53,"XGBoost"
0.476190476190476,0.00600240096038415,0.54,"XGBoost"
0.588235294117647,0.00600240096038415,0.55,"XGBoost"
0.714285714285714,0.00600240096038415,0.56,"XGBoost"
0.75,0.00360144057623049,0.57,"XGBoost"
0.6,0.00180072028811525,0.58,"XGBoost"
0.75,0.00180072028811525,0.59,"XGBoost"
0.666666666666667,0.00120048019207683,0.6,"XGBoost"
0.666666666666667,0.00120048019207683,0.61,"XGBoost"
0.666666666666667,0.00120048019207683,0.62,"XGBoost"
0.666666666666667,0.00120048019207683,0.63,"XGBoost"
0.5,0.000600240096038415,0.64,"XGBoost"
0,0,0.65,"XGBoost"
0,0,0.66,"XGBoost"
0,0,0.67,"XGBoost"
0,0,0.68,"XGBoost"
0,0,0.69,"XGBoost"
0,0,0.7,"XGBoost"
0,0,0.71,"XGBoost"
0,0,0.72,"XGBoost"
0,0,0.73,"XGBoost"
0,0,0.74,"XGBoost"
0,0,0.75,"XGBoost"
0,0,0.76,"XGBoost"
0,0,0.77,"XGBoost"
0,0,0.78,"XGBoost"
0,0,0.79,"XGBoost"
0,0,0.8,"XGBoost"
0,0,0.81,"XGBoost"
0,0,0.82,"XGBoost"
0,0,0.83,"XGBoost"
0,0,0.84,"XGBoost"
0,0,0.85,"XGBoost"
0,0,0.86,"XGBoost"
0,0,0.87,"XGBoost"
0,0,0.88,"XGBoost"
0,0,0.89,"XGBoost"
0,0,0.9,"XGBoost"
0,0,0.91,"XGBoost"
0,0,0.92,"XGBoost"
0,0,0.93,"XGBoost"
0,0,0.94,"XGBoost"
0,0,0.95,"XGBoost"
